pdb_id,true_pKd,predicted_pKd
10gs,6.4,5.421607971191406
1a30,4.3,6.804964542388916
1bcu,3.28,4.80055570602417
1e66,9.89,6.657299518585205
1f8b,5.4,4.1367034912109375
1f8c,7.4,4.035161972045898
1f8d,3.4,4.118513584136963
1gpk,5.37,5.947396278381348
1h23,8.35,6.661874294281006
1hfs,8.7,6.411789894104004
1hnn,6.24,4.732933044433594
1igj,10.0,4.677978038787842
1jyq,8.7,4.701241493225098
1kel,7.28,4.912703990936279
1lbk,3.18,5.599560737609863
1lol,6.39,5.2493109703063965
1loq,3.7,5.5474853515625
1lor,11.06,5.664818286895752
1mq6,11.15,5.951780319213867
1n1m,5.7,4.172959327697754
1n2v,4.08,5.448651313781738
1nvq,8.25,5.911693572998047
1o3f,7.96,5.070252895355225
1o5b,5.77,4.106212615966797
1os0,6.03,5.212303161621094
1oyt,7.24,5.8270721435546875
1p1q,4.89,5.428556442260742
1ps3,2.28,4.329285621643066
1q8t,4.76,6.805335998535156
1q8u,5.96,5.155821800231934
1qi0,2.35,4.566343307495117
1r5y,6.46,4.336865425109863
1sln,6.64,6.018048286437988
1sqa,9.21,4.8784894943237305
1u1b,7.8,3.850484609603882
1u33,4.6,4.34173583984375
1uto,2.27,4.295245170593262
1vso,4.72,5.513407230377197
1w3k,4.3,4.628563404083252
1w3l,6.28,4.661311149597168
1w4o,5.22,4.285572528839111
1xd0,7.12,5.558372974395752
1yc1,6.17,6.5713911056518555
1z95,7.12,5.295565128326416
1zea,5.22,6.313345909118652
2brb,4.86,5.3969340324401855
2cbj,8.27,4.600222110748291
2cet,8.02,4.333791732788086
2d1o,7.7,5.782245635986328
2d3u,6.92,4.861084938049316
2fvd,8.52,4.474612236022949
2g70,7.77,4.434543609619141
2gss,4.94,4.44941520690918
2hb1,3.8,4.508136749267578
2iwx,6.68,6.013531684875488
2j62,11.34,5.330920219421387
2j78,6.42,3.863572359085083
2jdm,5.4,5.147636413574219
2jdu,6.72,4.732715606689453
2jdy,4.37,4.65920877456665
2obf,8.85,5.334742069244385
2ole,7.25,5.487536430358887
2p4y,9.0,6.040717124938965
2pcp,8.7,6.263091564178467
2pq9,8.11,3.966001510620117
2qbp,8.4,6.095986366271973
2qbr,6.33,4.650510787963867
2qft,5.26,3.873121500015259
2qmj,4.21,5.477849006652832
2r23,3.72,6.5344109535217285
2v00,3.66,4.824770927429199
2v7a,8.3,5.7964701652526855
2vl4,6.01,3.0417606830596924
2vo5,4.89,3.9791512489318848
2vot,7.14,4.122521877288818
2vvn,7.3,4.843283653259277
2vw5,8.52,6.281375885009766
2w66,4.05,4.065005779266357
2wbg,4.45,5.226102828979492
2wca,5.6,5.127640724182129
2weg,6.5,5.166707992553711
2wtv,8.74,5.977058410644531
2x00,11.33,4.017125606536865
2x0y,4.6,4.3925604820251465
2x8z,7.96,4.669111728668213
2x97,5.66,5.069405555725098
2xb8,7.59,5.307407855987549
2xbv,8.43,5.648649215698242
2xdl,3.1,5.068765640258789
2xhm,6.8,5.69158935546875
2xnb,6.83,5.649224281311035
2xy9,9.19,6.026600360870361
2xys,7.42,5.429348945617676
2y5h,5.79,6.225389003753662
2yfe,6.63,4.437735557556152
2yge,5.06,6.453729152679443
2yki,9.46,4.23407506942749
2ymd,3.16,3.8017656803131104
2zcq,8.82,5.251397609710693
2zcr,6.87,5.8045573234558105
2zjw,7.7,4.009738922119141
2zwz,7.79,4.29995059967041
2zx6,10.6,5.535768508911133
2zxd,5.22,4.308779239654541
3acw,4.76,4.967385768890381
3ag9,8.05,5.986882209777832
3ao4,2.07,5.173554420471191
3b3s,2.55,3.928900718688965
3b3w,4.19,4.6365485191345215
3b68,8.4,4.324851989746094
3bfu,6.27,5.163065433502197
3bkk,6.08,5.208501815795898
3bpc,4.8,4.503144264221191
3cft,4.19,5.529932975769043
3cj2,4.85,5.733495712280273
3coy,6.02,4.800374984741211
3cyx,8.0,6.712792873382568
3d4z,4.89,4.850381851196289
3dd0,9.0,5.493769645690918
3dxg,2.4,4.177511215209961
3e93,8.85,6.101676940917969
3ebp,5.91,7.0178117752075195
3ehy,5.85,6.049934387207031
3ejr,8.57,5.179027080535889
3f17,8.63,5.517183303833008
3f3a,4.19,4.909433841705322
3f3c,6.02,5.102344989776611
3f3e,7.7,5.027049541473389
3f80,4.22,5.5661725997924805
3fcq,2.77,5.516845703125
3fk1,2.62,3.8822450637817383
3fv1,9.3,5.567626953125
3g0w,9.52,6.025528907775879
3g2n,4.09,5.990251541137695
3g2z,2.36,5.694485664367676
3gbb,6.9,5.413188934326172
3gcs,7.25,6.231892108917236
3ge7,8.7,5.324787616729736
3gnw,9.1,5.982544898986816
3gy4,5.1,4.092103958129883
3huc,5.99,6.947227478027344
3i3b,2.23,4.532594680786133
3imc,2.96,5.455587387084961
3ivg,4.3,5.170560836791992
3jvs,6.54,5.230906009674072
3k5v,6.3,5.020934104919434
3kgp,2.57,3.946580171585083
3kv2,7.32,5.523423194885254
3kwa,4.08,4.575440406799316
3l3n,8.18,5.5811967849731445
3l4u,7.52,5.132813453674316
3l4w,6.0,4.656527519226074
3l7b,2.4,5.731300354003906
3lka,2.82,5.972517490386963
3mfv,2.52,6.0634846687316895
3mss,4.66,4.529724597930908
3muz,3.46,3.843353748321533
3myg,10.7,4.93911075592041
3n7a,3.7,4.772063255310059
3n86,5.64,5.165398597717285
3nox,8.66,5.414639949798584
3nq3,3.78,4.644383430480957
3nw9,9.0,6.082464218139648
3oe5,6.88,6.071074485778809
3ov1,5.2,4.889644622802734
3owj,6.07,5.225612163543701
3ozt,4.13,5.782750129699707
3pe2,9.76,3.3544833660125732
3pww,7.32,7.119383335113525
3pxf,4.43,4.845022201538086
3s8o,6.85,6.49574613571167
3su2,7.35,6.425906181335449
3su3,9.13,6.410704612731934
3su5,5.58,6.408529281616211
3u9q,4.38,4.860805511474609
3udh,2.85,5.591884613037109
3ueu,5.24,4.606285095214844
3uex,6.92,5.494041442871094
3uo4,6.52,4.874215126037598
3uri,9.0,7.619184970855713
3utu,10.92,6.203638076782227
3vd4,4.82,3.8433852195739746
3vh9,6.24,4.894157409667969
4de1,5.96,5.128021240234375
4de2,4.12,5.776679992675781
4des,5.85,4.292659759521484
4dew,7.0,4.885756492614746
4djr,11.52,7.320713996887207
4djv,6.72,5.700446128845215
4g8m,7.89,5.59731912612915
4gid,10.77,6.307363510131836
4gqq,2.89,5.324997425079346
4tmn,10.17,6.265522003173828
